{
	"response": {
		"success": 1,
		"y": [0,2.669638768e-05,4.640443576e-05,6.004052423e-05,6.799110366e-05,6.669691085e-05,6.105437899e-05,5.930584834e-05,5.985621066e-05,6.011416322e-05,6.463097384e-05,7.283417167e-05,7.767822514e-05,7.991615129e-05,8.399244857e-05,8.6193929e-05,8.415110379e-05,8.386301093e-05,8.636304828e-05,8.630763803e-05,8.567991941e-05,8.888689168e-05,9.148654165e-05,9.053230818e-05,9.133006885e-05,9.413083343e-05,9.351465082e-05,9.191498009e-05,9.390907809e-05,9.520915651e-05,9.336030941e-05,9.381416054e-05,9.64635942e-05,9.580325166e-05,9.436991492e-05,9.644058358e-05,9.750018469e-05,9.5375525e-05,9.563231702e-05,9.793965756e-05,9.692202515e-05,9.539629479e-05,9.74395398e-05,9.834518939e-05,9.617986723e-05,9.65247794e-05,9.874412159e-05,9.755292228e-05,9.602512344e-05,9.804453931e-05,9.876187206e-05,9.652664582e-05,9.694748902e-05,9.909577955e-05],
		"t": [0,0.1687816467,0.3375632934,0.50634494,0.6751265867,0.8439082334,1.01268988,1.181471527,1.350253173,1.51903482,1.687816467,1.856598113,2.02537976,2.194161407,2.362943053,2.5317247,2.700506347,2.869287993,3.03806964,3.206851287,3.375632934,3.54441458,3.713196227,3.881977874,4.05075952,4.219541167,4.388322814,4.55710446,4.725886107,4.894667754,5.0634494,5.232231047,5.401012694,5.56979434,5.738575987,5.907357634,6.07613928,6.244920927,6.413702574,6.58248422,6.751265867,6.920047514,7.08882916,7.257610807,7.426392454,7.5951741,7.763955747,7.932737394,8.10151904,8.270300687,8.439082334,8.60786398,8.776645627,8.945427274],
		"P": 1,
		"Q": [1,1,10],
		"Pc": [0.9,3,5],
		"Qc": [0.6,0],
		"Pf": 1,
		"Qf": 1,
		"Pm": 1,
		"Qm": 1,
		"P_": [0.9,3,5],
		"Q_": [0.6,1.5,9,5],
		"id": "example",
		"closed_loop": 1,
		"delay": 0,
		"excitation": "harmonic",
		"timestamp": 1339171371
	}
}

